water_year,month,day,calendar_year,hour,sme2_ta_C,smf1_ta_C,smg1_ta_C,smg2_ta_C,smm1_ta_C,smm2_ta_C
2013,1,25,2013,5,0.1,-0.4,0.2,0.3,0.1,1.2
2011,11,19,2010,13,0.2,1.8,2.1,1.0,1.6,0.7
2010,1,20,2010,14,-0.5,1.1,2.1,-0.1,1.6,-1.7
2012,2,18,2012,11,-4.6,-3.4,-3.1,-3.9,-3.2,-4.3
2009,8,13,2009,23,14.1,12.6,13.8,14.9,10.2,14.0
2009,1,8,2009,3,3.4,-1.6,-0.9,4.4,-3.0,2.6
2010,8,20,2010,13,26.5,29.2,29.0,27.4,28.6,25.5
2011,9,21,2011,1,13.8,7.8,7.2,13.4,6.5,14.6
2010,11,12,2009,0,-1.0,-0.2,-0.0,-0.7,0.0,-1.8
2011,6,3,2011,14,11.8,12.3,13.6,11.3,13.1,11.5
2010,1,23,2010,0,-5.0,-3.9,-3.6,-4.6,-3.5,-5.9
2009,10,8,2008,9,3.9,3.3,4.8,4.2,3.8,2.3
2012,3,30,2012,17,9.0,9.3,10.9,10.1,10.2,9.7
2009,6,5,2009,8,12.8,13.8,14.3,13.7,13.5,11.9
2008,7,25,2008,23,22.8,14.0,14.2,21.4,13.1,22.1
2011,11,26,2010,14,0.7,1.6,2.5,0.9,1.8,0.5
2012,2,18,2012,1,-0.5,-3.2,-2.9,-0.0,-3.9,-0.0
2009,7,3,2009,13,24.5,25.9,26.0,25.2,24.9,23.5
2013,3,7,2013,7,-7.5,-10.7,-7.9,-8.1,-11.1,-5.2
2012,3,14,2012,3,1.7,1.6,2.2,2.6,1.9,2.3
2010,1,12,2010,13,4.6,6.4,7.2,5.5,7.0,4.0
2010,8,2,2010,12,26.1,28.9,28.5,26.7,28.5,25.4
2010,7,10,2010,22,20.0,17.0,19.9,20.1,15.0,20.4
2008,5,26,2008,22,6.1,6.9,7.4,7.1,6.4,6.8
2013,10,2,2012,6,13.9,5.2,5.4,13.1,4.7,14.8
2009,4,28,2009,19,0.5,1.7,2.0,1.4,1.1,-0.5
2012,9,15,2012,16,24.7,26.3,27.1,25.4,26.8,26.0
2010,6,22,2010,13,16.7,19.3,19.2,17.7,18.8,16.0
2013,7,2,2013,6,24.0,18.3,20.7,23.1,17.7,25.4
2012,5,3,2012,19,8.3,8.8,10.0,9.3,9.7,8.9
2008,5,16,2008,4,12.2,5.5,5.1,11.6,4.8,13.9
2010,11,7,2009,0,2.0,2.3,2.7,2.4,2.0,1.2
2011,11,29,2010,0,-9.5,-16.8,-17.2,-10.5,-17.1,-9.9
2009,12,3,2008,15,2.8,4.9,4.4,3.6,3.1,1.8
2010,11,17,2009,20,7.1,0.9,1.4,7.4,-0.2,6.6
2013,12,28,2012,6,-10.0,-14.0,-14.0,-9.6,-13.2,-8.4
2010,3,19,2010,0,-1.0,-3.0,-3.4,-0.3,0.2,-1.5
2012,11,22,2011,13,3.9,5.2,6.0,4.9,5.8,4.5
2012,5,13,2012,16,22.7,23.7,25.1,23.3,24.2,22.9
2012,12,31,2011,4,-7.3,-6.0,-5.7,-6.4,-5.7,-6.8
2012,5,19,2012,14,16.0,18.5,18.8,17.4,18.2,16.6
2008,12,28,2007,23,-6.4,-5.3,-5.3,-5.8,-5.4,-6.0
2009,7,27,2009,10,18.7,21.6,21.0,19.7,20.5,17.6
2008,11,7,2007,2,9.8,-0.1,-0.4,8.5,-0.8,11.0
2013,7,19,2013,6,21.7,17.7,21.1,21.4,21.7,23.2
2010,4,26,2010,5,5.1,-0.6,0.0,4.2,-1.6,4.6
2012,1,23,2012,13,-0.3,1.9,2.3,1.0,2.1,0.5
2012,8,10,2012,23,21.4,14.0,16.0,18.6,13.7,22.9
2010,12,3,2009,10,-6.0,-8.4,-4.7,-6.1,-7.7,-7.4
2010,11,13,2009,14,-1.7,-0.4,0.2,-1.6,-0.7,-2.8
2011,11,20,2010,1,-5.1,-3.9,-3.7,-4.4,-3.8,-4.7
2008,1,17,2008,0,-11.9,-18.5,-18.1,-13.2,-17.1,-12.9
2011,12,27,2010,0,-4.3,-4.4,-4.3,-3.5,-4.5,-3.8
2013,7,11,2013,8,15.2,15.1,15.0,15.8,15.7,16.5
2013,4,2,2013,11,6.9,9.4,9.5,7.7,9.5,7.9
2010,5,18,2010,18,7.9,9.6,10.1,8.6,10.0,7.1
2009,9,25,2009,18,24.3,21.9,24.0,25.1,22.5,23.6
2013,5,27,2013,1,2.5,-1.0,-0.6,1.9,-1.3,3.7
2010,4,8,2010,16,0.1,2.1,2.3,0.8,2.4,-0.7
2012,8,15,2012,15,28.6,30.7,31.0,29.2,30.8,29.5
2008,10,23,2007,15,17.4,17.9,19.2,17.1,17.6,17.0
2011,6,19,2011,4,5.0,6.1,6.4,5.7,6.5,5.3
2008,8,11,2008,8,15.0,13.7,16.5,15.7,15.3,14.8
2008,5,25,2008,19,8.9,10.6,10.8,9.9,10.4,9.7
2013,9,2,2013,8,17.5,17.8,18.4,17.5,18.2,18.1
2010,8,2,2010,13,27.1,29.6,29.4,28.1,29.0,26.2
2008,10,9,2007,20,14.3,7.6,7.7,14.1,6.6,15.5
2013,1,20,2013,22,2.6,-8.3,-8.4,0.3,-7.2,3.8
2010,4,30,2010,16,2.9,5.0,5.3,3.8,5.3,2.4
2010,7,29,2010,13,28.3,29.6,29.8,28.2,29.9,27.1
2008,5,26,2008,20,8.1,9.0,9.4,9.2,9.3,8.8
2010,1,1,2010,18,0.5,0.4,2.1,1.4,0.3,-0.0
2011,2,5,2011,6,1.0,2.2,2.7,1.9,2.5,1.4
2008,1,6,2008,10,-6.5,-4.3,-4.0,-5.2,-4.4,-5.9
2009,11,22,2008,4,0.6,-4.3,-4.6,-0.2,-5.9,0.3
2011,10,26,2010,10,-3.1,-1.4,-1.3,-2.2,-1.5,-2.7
2011,10,6,2010,6,9.9,11.6,11.6,10.9,11.8,10.6
2009,7,5,2009,20,23.5,21.4,22.7,24.7,20.9,22.9
2010,12,21,2009,4,0.3,-2.8,-2.6,0.6,-2.9,-0.4
2008,7,9,2008,11,25.2,27.6,27.4,26.1,27.1,25.4
2009,4,24,2009,13,4.0,6.1,5.7,5.0,5.0,3.1
2010,5,11,2010,7,-0.8,0.2,0.5,-0.6,0.5,-1.9
2008,4,6,2008,6,-3.2,-2.2,-2.2,-2.6,-2.0,-2.9
2010,10,16,2009,11,15.1,16.8,17.0,15.4,16.7,14.1
2008,3,5,2008,14,-0.9,1.8,2.1,0.1,1.1,-0.9
2011,12,21,2010,6,-4.7,-8.8,-4.9,-4.4,-9.7,-3.7
2012,10,17,2011,19,7.2,3.5,5.3,6.8,2.8,9.2
2012,12,12,2011,17,-3.5,-2.7,-2.1,-2.7,-1.9,-2.8
2013,12,10,2012,21,0.7,1.5,2.2,1.1,2.2,1.5
2011,1,13,2011,15,-0.3,0.1,0.5,0.3,0.8,-0.2
2009,1,31,2009,20,-2.0,-6.6,-7.3,-1.7,-7.5,-3.1
2009,7,30,2009,23,19.6,16.9,17.7,18.9,15.2,19.0
2013,10,27,2012,6,0.5,-4.6,-3.7,-0.5,-5.3,1.2
2008,7,10,2008,10,24.6,26.6,26.6,25.5,26.6,24.6
2012,3,4,2012,4,-0.1,-6.2,-5.7,-0.7,-6.0,1.6
2010,2,18,2010,21,-3.9,-4.9,-2.7,-3.6,-4.4,-3.9
2010,9,29,2010,21,18.3,17.3,18.6,18.1,17.9,19.6
2008,4,29,2008,22,-1.2,0.5,0.7,-0.3,0.3,-0.6
2012,12,13,2011,20,-4.7,-9.2,-9.1,-4.3,-9.9,-4.1
2013,3,11,2013,16,4.9,6.9,8.0,6.0,7.2,6.2
2010,8,19,2010,13,23.9,27.0,26.5,25.1,26.5,23.0
2008,4,19,2008,5,-1.7,-1.6,-2.1,-1.7,-2.0,-1.5
2013,12,3,2012,10,-0.3,-2.4,1.4,0.6,-1.7,1.4
2012,3,10,2012,9,7.6,3.2,8.4,9.8,6.8,8.4
2010,5,11,2010,4,-0.8,0.3,0.7,-0.4,0.6,-1.8
2013,11,26,2012,8,-5.2,-3.8,-3.1,-4.6,-3.2,-4.2
2008,9,7,2008,17,21.6,22.1,23.1,21.9,22.4,20.6
2008,1,8,2008,23,-3.2,-2.0,-1.8,-2.6,-2.1,-2.8
2008,3,18,2008,8,0.0,1.0,1.4,0.7,1.4,0.1
2011,4,23,2011,0,-1.8,-2.1,-1.2,-2.0,-3.0,-0.9
2012,8,6,2012,22,21.6,22.8,23.7,22.5,22.2,23.0
2013,3,18,2013,4,-5.1,-5.1,-5.0,-4.3,-5.0,-4.3
2008,11,13,2007,7,3.7,4.6,4.8,4.2,4.4,4.0
2010,1,20,2010,9,-4.1,-3.7,-2.8,-3.4,-3.3,-5.1
2008,8,24,2008,21,25.2,19.5,20.2,25.6,18.7,25.7
2010,8,26,2010,1,21.3,21.7,24.1,21.7,23.2,22.8
2012,11,2,2011,2,-5.9,-9.2,-9.5,-5.9,-10.0,-5.5
2009,4,19,2009,7,8.8,1.7,3.2,9.8,1.1,8.3
2012,11,6,2011,21,-4.1,-4.1,-3.6,-3.7,-4.2,-3.4
2012,3,18,2012,5,-3.7,-2.3,-2.0,-3.0,-1.8,-3.1
2008,4,15,2008,12,-4.1,-0.3,-1.1,-2.7,-1.3,-3.9
2012,10,1,2011,23,14.8,11.3,12.4,15.6,11.6,15.2
2009,2,5,2009,22,-0.6,0.5,0.6,0.0,-0.3,-1.8
2013,10,10,2012,17,18.3,18.0,19.9,18.9,19.6,19.2
2010,11,3,2009,10,9.8,8.2,11.4,10.1,10.3,8.9
2012,11,26,2011,1,-4.2,-6.3,-5.2,-3.6,-7.5,-3.4
2012,11,20,2011,12,2.1,3.1,3.3,2.1,3.3,1.9
2012,12,12,2011,10,-2.1,-3.5,-2.9,-1.3,-1.2,-1.4
2013,12,13,2012,6,-4.9,-3.4,-2.9,-4.4,-2.8,-3.7
2010,5,16,2010,10,17.3,19.4,19.8,17.9,19.7,16.8
2013,5,14,2013,16,20.1,22.3,22.8,20.9,22.1,21.3
2011,6,19,2011,21,9.6,7.5,8.8,9.8,7.0,9.2
2010,8,16,2010,9,20.7,21.5,22.3,21.1,22.7,19.5
2009,8,14,2009,12,14.1,17.3,16.4,15.1,16.2,13.1
2012,4,18,2012,13,8.8,11.1,11.2,9.9,11.1,9.0
2013,7,11,2013,5,17.3,14.1,14.6,18.1,15.0,18.9
2008,5,27,2008,3,5.9,4.8,4.8,6.4,4.0,6.5
2009,9,27,2009,9,17.4,16.4,19.0,18.3,17.7,16.5
2011,12,9,2010,0,1.1,0.3,0.6,1.4,0.6,1.6
2009,1,13,2009,19,3.9,-2.7,-3.2,4.0,-2.7,2.8
2013,5,11,2013,4,13.5,6.0,7.6,13.2,5.5,15.8
2012,2,8,2012,4,-1.6,-1.2,-1.0,-0.9,-1.8,-1.3
2008,12,27,2007,10,-11.4,-9.7,-9.8,-10.8,-10.1,-11.1
2008,3,8,2008,18,0.7,1.5,2.2,1.4,2.1,1.1
2008,12,31,2007,7,-11.3,-14.8,-15.2,-10.8,-15.0,-10.7
2010,4,11,2010,20,7.3,8.7,9.2,8.1,8.4,6.6
2008,6,27,2008,11,20.7,23.3,22.9,21.6,22.6,21.0
2010,12,1,2009,17,-1.2,-1.1,-0.2,-0.7,-1.3,-2.2
2012,2,4,2012,8,-5.0,-6.8,-3.1,-4.5,-4.2,-3.1
2008,10,2,2007,16,12.4,14.1,14.6,13.6,14.1,13.0
2010,10,19,2009,11,6.7,8.5,8.9,7.4,8.8,5.8
2009,4,14,2009,7,-5.4,-4.0,-4.3,-4.7,-4.7,-6.4
2011,5,22,2011,11,10.9,13.4,13.4,11.9,13.7,11.7
2008,6,5,2008,23,7.4,8.7,9.1,8.4,8.3,7.8
2010,5,10,2010,5,1.4,-0.4,-0.5,1.8,-0.6,0.6
2013,8,19,2013,16,25.6,26.5,27.9,26.2,27.9,26.7
2013,5,17,2013,18,5.5,6.1,7.3,5.8,7.3,6.5
2011,8,2,2011,23,18.4,17.9,19.4,19.3,15.7,19.6
2008,7,15,2008,15,27.5,30.0,29.9,28.4,29.5,27.7
2013,2,5,2013,6,1.6,-4.5,-3.8,0.1,-4.3,2.8
2009,2,28,2009,3,-3.8,-2.9,-2.8,-3.3,-8.0,-3.9
2012,11,10,2011,18,5.1,-0.3,0.2,5.6,-0.8,6.3
2009,6,6,2009,11,7.9,9.5,9.3,8.6,9.1,6.8
2009,7,18,2009,22,26.4,22.2,23.6,26.8,19.0,25.0
2013,11,15,2012,16,5.0,6.2,7.1,5.6,7.0,6.1
2011,5,1,2011,4,-2.2,-5.1,-3.8,-2.0,-6.0,-0.1
2011,8,21,2011,22,23.2,14.9,15.0,22.1,13.1,24.1
2013,1,21,2013,1,1.8,-9.0,-9.0,0.0,-7.6,3.3
2012,3,22,2012,14,12.4,14.3,14.7,13.2,14.2,12.3
2010,8,8,2010,21,15.0,15.9,16.3,15.7,15.7,14.2
2011,7,29,2011,5,17.3,10.2,10.6,16.8,8.3,18.9
2013,7,18,2013,23,21.6,22.0,23.1,21.9,23.7,23.1
2011,1,9,2011,22,-11.0,-16.0,-16.1,-10.6,-15.8,-10.7
2008,7,8,2008,4,16.5,9.4,8.4,14.9,10.6,15.3
2012,2,16,2012,13,0.8,2.0,2.7,1.2,2.2,1.2
2013,4,28,2013,8,8.2,9.5,10.7,9.1,10.7,9.2
2008,5,20,2008,8,18.7,19.7,20.9,19.9,20.4,19.6
2009,2,15,2009,10,-3.7,-2.1,-1.7,-3.0,-2.7,-4.8
2009,6,11,2009,16,11.0,11.9,12.7,11.3,12.1,9.8
2012,1,23,2012,8,-3.0,-2.6,-2.3,-2.5,-2.9,-2.6
2008,6,5,2008,2,2.6,1.1,2.6,3.3,1.9,3.1
2012,6,2,2012,4,15.7,9.5,9.5,14.0,8.3,15.4
2008,4,8,2008,9,0.2,1.4,2.6,0.9,1.8,0.5
2009,9,15,2009,23,15.8,12.7,16.4,16.4,12.3,15.7
2010,2,20,2010,5,-6.9,-8.5,-8.5,-6.9,-9.0,-8.0
2008,9,5,2008,1,11.2,5.6,4.8,11.7,3.5,10.7
2013,8,18,2013,13,28.4,31.1,31.1,29.2,30.9,29.2
2010,12,5,2009,1,-7.6,-6.0,-5.4,-6.9,-5.9,-8.4
2013,12,10,2012,1,-2.4,-1.9,-1.6,-2.6,-1.2,-1.8
2008,11,8,2007,2,8.9,0.1,0.3,8.1,-0.5,10.1
2013,7,9,2013,0,18.6,14.4,13.6,18.9,15.7,19.8
2010,7,9,2010,19,25.5,25.2,27.2,26.1,27.0,24.7
2011,10,13,2010,11,16.3,17.6,17.6,16.0,17.6,16.0
2008,4,19,2008,2,2.0,-0.1,-0.7,2.2,-0.6,2.3
2009,10,23,2008,14,15.6,18.2,17.6,16.2,16.0,14.3
2009,10,25,2008,18,10.3,11.1,12.0,11.6,10.4,9.7
2009,8,28,2009,23,20.6,21.0,21.4,21.2,20.3,19.4
2010,2,22,2010,1,-9.3,-16.1,-15.4,-11.2,-15.6,-9.5
2012,12,18,2011,8,-1.0,-7.1,-7.3,-1.3,-7.5,-0.6
2011,12,6,2010,20,0.7,0.1,0.3,1.4,0.3,1.2
2011,8,6,2011,8,22.8,18.9,22.2,22.8,20.1,22.5
2008,3,16,2008,13,-2.2,0.1,1.2,-1.2,-0.5,-2.1
2010,8,29,2010,4,3.3,4.7,4.9,4.1,4.6,3.6
2012,10,9,2011,11,9.8,12.2,12.3,10.8,11.9,10.3
2013,8,17,2013,8,19.1,16.2,19.1,19.1,16.7,20.1
2010,7,22,2010,8,16.3,16.7,18.7,17.2,17.8,15.4
2013,1,19,2013,2,1.4,-9.4,-9.5,0.7,-8.0,2.0
2011,9,10,2011,16,24.6,25.5,26.6,25.3,25.9,25.2
2010,11,17,2009,11,9.4,11.6,12.1,10.1,12.2,8.7
2013,10,14,2012,9,11.1,8.9,12.9,11.7,10.2,12.1
2012,3,24,2012,14,14.1,16.4,16.7,14.9,16.1,14.6
2010,8,1,2010,17,25.7,26.6,27.8,26.4,27.4,24.6
2013,12,1,2012,14,5.7,7.3,8.0,6.4,7.9,6.9
2009,3,24,2009,21,0.4,1.5,1.6,1.2,1.0,-0.5
2011,5,13,2011,19,14.2,14.4,15.1,15.5,12.5,14.8
2009,2,2,2009,2,-2.5,-8.3,-8.3,-2.9,-8.8,-2.3
2008,12,12,2007,8,-7.2,-8.3,-8.7,-6.9,-8.8,-6.7
2010,7,30,2010,12,26.8,29.0,28.7,27.5,29.1,26.0
2010,4,2,2010,22,-4.9,-3.7,-3.3,-4.5,-3.5,-5.8
2012,2,15,2012,13,1.1,2.2,1.9,1.1,2.4,1.5
2008,8,22,2008,12,21.0,23.1,22.9,21.0,22.8,21.6
2009,6,18,2009,21,14.5,10.2,9.9,13.1,8.6,13.7
2012,1,29,2012,5,-0.2,-2.5,-1.1,-0.0,-4.0,0.5
2008,9,21,2008,21,7.2,6.2,6.8,7.9,4.4,6.3
2013,10,20,2012,6,6.1,7.4,7.9,6.7,7.9,7.0
2008,5,12,2008,19,5.8,6.3,7.1,6.6,7.4,6.6
2012,8,11,2012,10,23.2,25.3,25.6,24.2,25.7,24.5
2009,12,19,2008,9,-10.3,-8.8,-8.7,-9.4,-9.6,-11.2
2012,4,16,2012,18,8.9,10.1,11.0,9.9,10.7,9.4
2011,5,16,2011,15,3.3,4.1,5.0,4.0,5.1,3.4
2011,12,8,2010,14,4.0,5.2,6.3,5.0,6.2,4.6
2011,2,16,2011,4,0.8,1.6,1.8,1.9,2.4,1.5
2010,11,28,2009,19,-1.5,-1.6,-5.2,-0.8,-2.5,-2.1
2013,4,8,2013,17,1.4,3.0,4.1,2.2,4.1,2.8
2009,1,10,2009,16,1.4,1.3,2.8,2.4,1.2,0.6
2008,8,2,2008,16,25.3,27.5,27.7,26.1,27.4,25.7
2009,2,8,2009,11,2.9,3.9,4.3,2.8,3.2,1.1
2011,7,11,2011,0,17.1,16.9,17.7,18.0,19.0,18.2
2012,7,27,2012,9,21.9,22.3,23.1,22.3,23.4,21.7
2012,3,22,2012,1,7.3,5.4,7.9,8.1,6.5,7.7
2012,5,31,2012,10,17.5,19.9,19.7,18.4,19.5,17.7
2012,9,28,2012,0,14.8,15.0,17.4,15.4,9.8,16.3
2011,5,18,2011,4,0.2,-0.0,0.2,0.7,-0.1,0.3
2009,8,18,2009,7,13.2,6.3,7.5,13.7,4.9,12.5
2010,8,4,2010,9,24.0,25.7,26.1,25.0,26.2,23.4
2009,6,28,2009,22,19.8,18.0,21.0,20.7,19.5,20.5
2009,3,10,2009,3,-9.9,-9.0,-9.5,-9.4,-9.6,-10.9
2012,8,6,2012,11,26.2,28.5,28.5,27.1,28.5,26.5
2011,6,25,2011,5,9.7,3.2,3.2,9.4,2.2,10.3
2010,1,29,2010,14,4.6,6.3,7.2,4.9,6.6,3.3
2010,12,11,2009,17,-2.4,-2.2,-1.3,-1.6,-1.9,-3.1
2013,6,28,2013,14,32.0,34.1,34.2,32.3,33.5,33.2
2008,4,14,2008,20,1.7,3.2,3.4,2.6,3.1,2.2
2009,6,8,2009,10,11.3,13.8,13.7,12.3,13.2,10.4
2013,6,10,2013,15,23.4,24.5,25.3,24.1,24.2,24.1
2010,2,13,2010,9,-0.4,0.7,1.5,0.2,1.2,-1.2
2013,1,10,2013,10,-10.5,-9.3,-8.7,-10.2,-8.7,-9.7
2013,3,2,2013,0,3.3,0.5,4.1,3.6,-1.1,5.1
2008,11,12,2007,22,3.2,2.2,3.3,4.1,1.4,3.9
2013,4,7,2013,12,3.0,4.6,5.1,3.5,5.4,4.0
2008,2,6,2008,13,-4.5,-2.3,-1.9,-3.5,-2.0,-4.6
2008,7,24,2008,14,27.2,29.2,29.0,27.9,28.5,26.9
2008,6,14,2008,13,20.0,22.9,22.6,21.4,22.2,20.6
2009,10,21,2008,3,0.6,2.0,2.0,1.6,1.1,-0.3
2011,2,6,2011,6,-1.3,-0.1,-0.5,-0.6,0.2,-0.9
2009,5,4,2009,2,1.6,-1.2,-1.4,1.7,-2.6,1.0
2010,9,17,2010,3,15.4,16.5,17.7,16.4,10.7,16.1
2013,11,3,2012,20,9.4,3.5,4.0,8.1,3.2,10.5
2009,9,23,2009,12,25.4,27.3,27.3,25.6,27.0,24.1
2013,10,12,2012,16,18.6,19.7,20.8,19.1,20.5,19.4
2008,11,2,2007,12,8.0,10.1,10.0,8.8,9.9,8.2
2013,6,16,2013,10,18.8,21.1,21.8,19.8,21.2,19.8
2008,2,2,2008,8,-9.9,-9.0,-9.1,-9.3,-9.2,-9.5
2013,3,22,2013,22,-9.1,-11.5,-10.6,-8.8,-10.5,-8.3
2010,7,26,2010,17,21.0,22.1,22.1,21.1,22.1,20.1
2011,2,13,2011,19,5.0,0.3,2.8,5.1,0.2,5.4
2012,12,8,2011,14,1.8,3.2,3.8,2.4,2.8,2.0
2013,11,1,2012,6,3.6,4.5,5.5,4.4,4.8,4.8
2011,12,26,2010,8,-2.4,-1.3,-1.0,-1.7,-1.0,-2.0
2009,9,2,2009,22,20.7,14.0,14.0,20.0,11.8,20.6
2009,9,16,2009,6,14.4,14.4,14.6,14.8,13.0,13.7
2008,7,29,2008,18,26.2,27.0,28.7,27.2,28.1,26.9
2009,11,27,2008,1,3.0,0.1,-0.6,2.9,-1.3,1.7
2012,7,23,2012,7,18.8,15.2,16.1,18.7,15.1,19.0
2009,2,25,2009,10,0.0,1.7,1.9,1.0,1.4,-0.9
2011,6,30,2011,21,12.9,11.6,11.9,14.0,10.9,13.6
2009,12,2,2008,7,2.0,3.2,3.4,2.8,2.4,1.0
2012,8,8,2012,12,25.2,26.6,26.9,25.6,27.0,26.2
2012,12,31,2011,9,-8.1,-7.0,-6.4,-6.6,-7.1,-7.3
2011,7,7,2011,22,17.7,11.3,11.9,17.1,10.6,18.5
2011,11,11,2010,23,-1.4,-3.8,-3.2,-1.4,-4.4,-0.7
2013,3,31,2013,13,15.8,17.6,17.9,15.8,17.7,16.8
2013,11,30,2012,10,4.4,5.9,6.6,5.2,6.4,5.5
2009,6,10,2009,22,6.7,5.7,5.9,7.0,4.1,5.9
2008,10,30,2007,12,6.9,8.5,8.6,7.4,8.9,7.3
2010,9,9,2010,22,3.8,1.6,2.1,4.1,1.1,3.8
2012,8,28,2012,5,17.6,7.6,7.9,16.1,6.5,19.2
2008,12,23,2007,16,-0.8,0.3,0.4,-0.3,0.2,-0.5
2010,4,9,2010,21,-3.0,-2.6,-1.1,-2.5,-1.4,-3.1
2008,9,17,2008,4,16.0,8.8,9.8,14.0,6.9,15.6
2011,11,23,2010,13,-13.2,-10.5,-10.7,-11.8,-11.1,-12.6
2011,10,8,2010,12,7.6,9.2,9.6,8.5,9.6,8.0
2012,5,4,2012,15,-0.7,0.8,0.9,0.1,0.9,-0.3
2013,6,17,2013,12,22.5,25.3,25.1,23.0,24.3,23.6
2008,9,22,2008,10,6.0,8.4,8.4,7.2,7.5,5.1
2012,10,31,2011,4,7.6,4.7,4.7,7.7,4.7,8.0
2010,3,7,2010,16,6.9,8.3,9.8,7.7,8.8,5.9
2011,8,4,2011,17,17.6,19.2,19.2,18.6,19.3,18.3
2013,12,31,2012,14,-3.2,-5.9,-4.4,-5.9,-5.4,-3.5
2008,8,26,2008,0,10.6,12.3,12.2,11.6,12.1,11.2
2011,11,5,2010,8,11.7,6.7,9.8,11.8,5.4,12.5
2008,7,18,2008,10,19.8,22.3,22.0,20.6,21.9,20.0
2012,7,24,2012,11,23.2,25.6,25.7,24.0,25.4,23.3
2011,4,17,2011,16,7.4,9.1,9.7,8.4,9.2,7.8
2009,4,13,2009,12,8.8,11.0,10.6,9.5,10.3,7.7
2009,7,3,2009,20,15.8,16.3,16.5,16.5,16.7,15.6
2012,3,31,2012,16,12.5,14.1,14.8,13.8,14.3,13.3
2013,6,30,2013,12,31.0,33.1,33.4,31.8,32.8,31.9
2012,3,6,2012,23,-10.5,-9.1,-8.8,-9.5,-9.0,-9.9
2008,5,24,2008,19,6.3,7.9,8.3,7.4,8.0,7.0
2009,7,29,2009,19,21.9,23.0,23.8,22.9,23.0,21.4
2009,4,7,2009,19,12.3,13.2,13.8,13.5,9.5,12.2
2009,10,6,2008,15,15.2,17.3,17.3,15.9,15.5,14.2
2009,11,16,2008,14,15.1,17.7,17.3,15.7,14.9,13.8
2012,3,2,2012,17,-2.3,-1.3,0.4,-0.9,-0.4,-1.9
2009,2,27,2009,17,-2.2,-2.3,-0.7,-2.0,-2.2,-4.1
2009,10,25,2008,21,9.7,4.7,4.5,10.5,4.8,9.1
2013,11,9,2012,21,-7.0,-7.4,-7.0,-6.5,-8.2,-6.0
2009,8,8,2009,16,15.2,17.1,17.1,15.8,16.8,14.3
2012,7,30,2012,6,16.7,11.3,10.7,16.7,10.2,16.4
2011,9,6,2011,23,19.3,19.9,19.7,19.0,20.1,20.1
2010,6,17,2010,13,9.1,11.3,11.7,9.8,11.5,8.4
2010,12,3,2009,23,-5.6,-10.3,-9.8,-5.7,-10.9,-6.4
2010,6,30,2010,12,20.9,23.2,23.3,21.8,22.6,20.1
2013,3,15,2013,9,5.2,4.5,6.1,5.1,7.0,5.6
2013,9,18,2013,0,4.8,6.3,6.8,5.3,6.7,5.8
2013,11,14,2012,5,-0.7,-0.6,0.0,-0.7,-0.2,0.0
2009,1,14,2009,23,4.6,-7.0,-7.2,2.4,-7.0,2.4
2013,9,1,2013,14,29.2,31.1,31.7,29.6,30.9,30.2
2008,6,22,2008,23,15.7,10.6,10.3,15.8,11.2,15.3
2013,3,8,2013,19,-1.2,-1.4,-0.5,-0.6,-0.6,-0.2
2008,7,5,2008,15,23.2,24.6,25.2,23.9,24.5,23.3
2009,1,12,2009,3,0.0,0.5,0.5,0.5,0.3,-1.0
2010,8,28,2010,16,15.1,16.9,17.2,16.1,16.9,15.5
2012,11,27,2011,21,6.3,2.8,3.7,7.4,2.4,6.8
2008,6,28,2008,9,21.9,23.2,23.8,22.5,23.5,21.7
2009,3,19,2009,18,8.2,7.1,9.8,9.3,7.4,7.5
2009,10,14,2008,22,6.5,2.8,4.0,6.0,0.7,5.7
2011,12,16,2010,15,-3.9,-2.8,-1.3,-3.1,-2.7,-3.4
2012,8,27,2012,20,21.9,16.8,16.9,22.1,16.5,23.4
2011,8,22,2011,11,25.8,28.4,28.2,26.7,28.1,26.1
2013,12,19,2012,6,-12.5,-19.6,-19.2,-13.4,-18.1,-11.5
2009,11,5,2008,23,-2.2,-4.0,-3.9,-1.5,-5.5,-3.2
2012,7,18,2012,6,13.0,8.5,9.4,14.4,7.8,13.5
2012,2,21,2012,4,-1.8,-0.9,-0.7,-1.2,-0.7,-1.5
2009,4,24,2009,22,-0.3,-2.1,-1.2,0.9,-1.9,-0.9
2010,7,9,2010,3,19.9,14.1,15.0,18.2,12.9,20.0
2008,10,20,2007,20,-0.5,0.2,0.9,0.1,0.5,-0.2
2008,3,26,2008,0,0.2,0.2,0.5,0.6,-0.7,0.6
2009,11,7,2008,10,9.2,4.6,9.3,8.2,7.2,6.7
2012,5,17,2012,11,13.8,15.4,15.7,14.8,15.8,14.2
2010,3,14,2010,22,-3.3,-6.2,-3.7,-3.5,-6.6,-3.1
2008,2,10,2008,16,3.4,5.0,5.4,4.3,5.3,3.7
2010,9,10,2010,10,8.1,9.9,10.2,9.3,10.6,8.5
2010,1,19,2010,22,-2.8,-1.5,-1.0,-2.3,-1.2,-3.7
2012,12,12,2011,8,-4.1,-6.6,-7.2,-3.7,-7.3,-3.4
2008,4,24,2008,18,3.0,3.5,4.8,3.4,4.8,3.1
2012,6,28,2012,20,22.8,22.3,23.4,23.8,22.2,23.6
2010,7,23,2010,21,17.9,16.4,17.8,18.8,13.0,18.0
2008,3,13,2008,4,-1.0,-0.1,-0.2,-0.5,-0.0,-0.7
2008,2,14,2008,15,0.7,2.3,2.7,1.0,0.5,0.5
2008,8,25,2008,22,15.4,16.5,16.8,16.2,16.0,15.7
2008,7,20,2008,23,22.0,21.4,23.1,22.5,20.8,22.8
2011,8,28,2011,11,26.8,29.1,29.2,27.7,28.9,27.5
2012,7,1,2012,15,22.2,24.4,24.8,23.4,24.5,22.9
2008,10,18,2007,21,5.8,0.9,1.8,6.3,0.8,6.5
2013,9,23,2013,13,13.3,14.9,15.9,13.8,15.3,13.7
2008,3,22,2008,5,-6.2,-9.9,-6.3,-5.6,-10.7,-4.7
2009,10,1,2008,23,17.1,16.2,18.0,17.3,12.0,16.4
2008,8,21,2008,22,12.6,13.9,14.5,13.8,13.7,13.5
2010,5,16,2010,23,13.3,12.3,14.4,13.5,11.8,13.2
